{"val_loss": NaN, "val_pred_error": 172.48529052734375, "epoch": 6, "trainer/global_step": 36, "_timestamp": 1752241871.458543, "_runtime": 15.23522400856018, "_step": 6, "test_pred_error": 188.10708618164062, "_wandb": {"runtime": 14}}